C0/date,C0/min,C0/max,C0/mean,C0/stDev,C0/sampleCount,C0/noDataCount,C0/median,C0/p10,C0/p90,C0/cloudCoveragePercent
2020-09-30T00:00:00.000Z,0.061906568706035614,0.4232044219970703,0.1842280031362576,0.08136837283492168,294,160,0.18756815791130066,0.07813733071088791,0.28196981549263,100
2020-10-05T00:00:00.000Z,0.16449971497058868,0.8897637724876404,0.6536566227007266,0.1642688668998857,294,160,0.6834388375282288,0.44825565814971924,0.8640569448471069,0
2020-10-10T00:00:00.000Z,0.15608075261116028,0.8270058631896973,0.6020908198917089,0.14096594322733164,294,160,0.6101964712142944,0.4247598648071289,0.7992439866065979,0
2020-10-15T00:00:00.000Z,0.20233051478862762,0.8566271066665649,0.628881753714227,0.13067099800250045,294,160,0.6256456971168518,0.47512149810791016,0.8163139224052429,0
2020-10-20T00:00:00.000Z,-0.037647902965545654,-0.0031282585114240646,-0.02246332346155906,0.006829232211395419,294,160,-0.022813688963651657,-0.031654033809900284,-0.013726146891713142,100
2020-10-25T00:00:00.000Z,-0.013742071576416492,0.007299270015209913,-0.001007941181627241,0.0044965846924922,294,160,-0.0005558643606491387,-0.006666666828095913,0.0049005476757884026,100
2020-10-30T00:00:00.000Z,0.09923664480447769,0.12925170361995697,0.11535321665343953,0.006578682985327644,294,160,0.11512027680873871,0.10738831758499146,0.12341197580099106,100
2020-11-04T00:00:00.000Z,0.06327033787965775,0.30643126368522644,0.14775988598590462,0.05429873979826338,294,160,0.14850036799907684,0.08079469949007034,0.2134939730167389,100
2020-11-09T00:00:00.000Z,0.0392380952835083,0.1090909093618393,0.0698230785609626,0.014573348049269004,294,160,0.06823529303073883,0.05379408597946167,0.08892355859279633,100
2020-11-14T00:00:00.000Z,0.17281179130077362,0.8460850119590759,0.5265992068087881,0.21072414255079452,294,160,0.5317570567131042,0.25156792998313904,0.8115330338478088,67.16417910447757
2020-11-19T00:00:00.000Z,0.25925925374031067,0.8731323480606079,0.6239184154503382,0.14271875912935908,294,160,0.6385998129844666,0.42491382360458374,0.8100000023841858,51.49253731343283
2020-11-24T00:00:00.000Z,-0.07789317518472672,0.04195026308298111,-0.01436509941478691,0.025761629607943034,294,160,-0.01100208144634962,-0.04918032884597778,0.018528632819652557,100
2020-11-29T00:00:00.000Z,-0.003631561528891325,0.0928143709897995,0.037596973608797005,0.019538799590370182,294,160,0.03561116382479668,0.015810277312994003,0.06622998416423798,100
2020-12-04T00:00:00.000Z,0.14736013114452362,0.35329341888427734,0.22531678872321967,0.058431776462620606,294,160,0.21736226975917816,0.15752895176410675,0.30975142121315,100
2020-12-09T00:00:00.000Z,0.1634146273136139,0.9002848863601685,0.7245275516118576,0.14483909968123182,294,160,0.7636815905570984,0.5575757622718811,0.886637806892395,0
2020-12-14T00:00:00.000Z,0.12661653757095337,0.9076808094978333,0.7334629918879538,0.15326299734010385,294,160,0.7780556678771973,0.5352509617805481,0.8873893022537231,0
2020-12-19T00:00:00.000Z,0.30287984013557434,0.7310715913772583,0.5817164749796712,0.09522048033033177,294,160,0.5928115248680115,0.47546347975730896,0.7054945230484009,0
2020-12-24T00:00:00.000Z,0.16923077404499054,0.3080168664455414,0.2134780201004512,0.027532873043903137,294,160,0.20399579405784607,0.18781456351280212,0.25596389174461365,100
2021-01-03T00:00:00.000Z,0.09565217047929764,0.9060503840446472,0.7365028588518276,0.15221917173265886,294,160,0.7803871631622314,0.5550732612609863,0.8822567462921143,0
2021-01-08T00:00:00.000Z,0.11797261983156204,0.8797792792320251,0.7096651082497033,0.1474279999850111,294,160,0.7535850405693054,0.517418622970581,0.8570212721824646,0
2021-01-13T00:00:00.000Z,0.14142538607120514,0.8999612331390381,0.7188985277690108,0.1572208883054335,294,160,0.7742419838905334,0.5277155041694641,0.8754166960716248,0
2021-01-18T00:00:00.000Z,0.178006112575531,0.7969944477081299,0.4818185176422346,0.16450737392470033,294,160,0.47804707288742065,0.2570616900920868,0.7153351902961731,0
2021-01-23T00:00:00.000Z,0.2705749571323395,0.8380631804466248,0.5970057140090574,0.13031252920635436,294,160,0.6037079691886902,0.4360746443271637,0.7643651962280273,11.194029850746265
2021-01-28T00:00:00.000Z,0.2401392161846161,0.8763430118560791,0.7001641826398337,0.14378809476100776,294,160,0.7326706647872925,0.512665867805481,0.858793318271637,0
2021-02-02T00:00:00.000Z,0.14569535851478577,0.8941459655761719,0.6994652973849379,0.15652109189228391,294,160,0.7352043986320496,0.5055264830589294,0.8727915287017822,0
2021-02-07T00:00:00.000Z,0.07066719233989716,0.20281124114990234,0.12873326714581515,0.027125297117895113,294,160,0.1309719979763031,0.0902169793844223,0.1607675850391388,100
2021-02-12T00:00:00.000Z,0.08502772450447083,0.409030556678772,0.1829051618366988,0.07319368839012913,294,160,0.145853191614151,0.11809045076370239,0.28137466311454773,100
2021-02-17T00:00:00.000Z,0.1778523474931717,0.8331608176231384,0.6493617656515605,0.13662682896338582,294,160,0.6705882549285889,0.4893248677253723,0.807889461517334,0
2021-02-22T00:00:00.000Z,0.07021276652812958,0.11348464339971542,0.08777417359289838,0.011786104502856198,294,160,0.08351648598909378,0.0740065649151802,0.10470274835824966,100
2021-02-27T00:00:00.000Z,0.2018890231847763,0.9007618427276611,0.6989171752956375,0.15507188300847494,294,160,0.721106231212616,0.5220908522605896,0.8809730410575867,0
2021-03-04T00:00:00.000Z,-0.005025125574320555,0.05791299790143967,0.01959984483624767,0.014385802281159413,294,160,0.018146149814128876,0.002213368657976389,0.038089822977781296,100
2021-03-09T00:00:00.000Z,0.2549199163913727,0.8256216645240784,0.6390675882350156,0.1358920673892273,294,160,0.6419987082481384,0.4735562205314636,0.8090031147003174,0
2021-03-14T00:00:00.000Z,0.09870591014623642,0.864854633808136,0.6541203528976265,0.15993101413426028,294,160,0.6648433804512024,0.462091863155365,0.8495950698852539,0
2021-03-19T00:00:00.000Z,0.16857284307479858,0.4687735140323639,0.2711419335274554,0.07560613283176211,294,160,0.24812030792236328,0.19329388439655304,0.386212021112442,100
2021-03-24T00:00:00.000Z,0.1111111119389534,0.8488211035728455,0.6068936334505898,0.12695294828582696,294,160,0.6033434867858887,0.4687254726886749,0.7674663662910461,0
2021-03-29T00:00:00.000Z,0.3413698673248291,0.7610241770744324,0.5631981959093862,0.09014523173045157,294,160,0.5733715295791626,0.44350960850715637,0.6784168481826782,0
2021-04-03T00:00:00.000Z,0.20708446204662323,0.8338028192520142,0.6628648559771368,0.13591388832256165,294,160,0.6769759654998779,0.4822622239589691,0.8172627091407776,0
2021-04-08T00:00:00.000Z,0.020560747012495995,0.2659507393836975,0.14637859924626878,0.05918307956781281,294,160,0.13808664679527283,0.0782967060804367,0.23575042188167572,100
2021-04-13T00:00:00.000Z,0.13513512909412384,0.8602688312530518,0.6745455356231377,0.14438448138366508,294,160,0.6996821761131287,0.4975845515727997,0.8413068652153015,0
2021-04-18T00:00:00.000Z,0.06604572385549545,0.299539178609848,0.14527006269390902,0.05971166419659872,294,160,0.13458755612373352,0.07943925261497498,0.2294853925704956,100
2021-04-23T00:00:00.000Z,0.09929411858320236,0.5943877696990967,0.27294095005117236,0.12661426268412138,294,160,0.25896281003952026,0.12606729567050934,0.43503516912460327,100
2021-04-28T00:00:00.000Z,0.06941838562488556,0.8889057040214539,0.5286195389926432,0.26861089548680783,294,160,0.6072623133659363,0.1173674613237381,0.8329070806503296,55.22388059701494
2021-05-03T00:00:00.000Z,-0.03207698464393616,0.09787886589765549,0.014433568631083386,0.02998144253821324,294,160,0.00888373889029026,-0.014970059506595135,0.06149584427475929,100
2021-05-08T00:00:00.000Z,0.3673088848590851,0.9111340045928955,0.7350970299831077,0.1455357200994329,294,160,0.7740313410758972,0.5338055491447449,0.9020766019821167,0
2021-05-13T00:00:00.000Z,-0.02259887009859085,0.012802275829017162,-0.005720088337443826,0.005994987710445167,294,160,-0.004810262005776167,-0.0133843207731843,0.0014430014416575432,100
2021-05-18T00:00:00.000Z,-0.011096992529928684,0.08029801398515701,0.01906929036883426,0.02213811095895938,294,160,0.01149425283074379,-0.0019114611204713583,0.05582248792052269,100
2021-05-23T00:00:00.000Z,-0.03586399555206299,0,-0.020991457245701846,0.007627741179778989,294,160,-0.0218722652643919,-0.029906542971730232,-0.009940357878804207,100
2021-05-28T00:00:00.000Z,0.16748423874378204,0.6965811848640442,0.4509123340249062,0.15404467394875287,294,160,0.4853503108024597,0.23101907968521118,0.6368375420570374,100
2021-06-02T00:00:00.000Z,0.19476981461048126,0.8596287965774536,0.6133195460954707,0.15557593652633994,294,160,0.6557798385620117,0.3960784375667572,0.8249337077140808,0
2021-06-07T00:00:00.000Z,0.03133617341518402,0.5441959500312805,0.17903989928760636,0.1187589745913958,294,160,0.1482352912425995,0.05566029995679855,0.3526248335838318,100
2021-06-12T00:00:00.000Z,-0.03027919866144657,-0.016595909371972084,-0.02398430282222246,0.0028139596059050197,294,160,-0.023893458768725395,-0.027694610878825188,-0.02066420577466488,100
2021-06-17T00:00:00.000Z,-0.05263157933950424,-0.027739882469177246,-0.04007094446569679,0.005313742184168353,294,160,-0.040102388709783554,-0.046721313148736954,-0.033376678824424744,100
2021-06-22T00:00:00.000Z,-0.057986482977867126,-0.016738031059503555,-0.03468552882324405,0.009202913937557643,294,160,-0.03419400006532669,-0.04927975684404373,-0.02309197559952736,100
2021-06-27T00:00:00.000Z,-0.06765162944793701,-0.03844745457172394,-0.046889681786076345,0.0037201572963704885,294,160,-0.04631344974040985,-0.051395006477832794,-0.0431256927549839,100
2021-07-02T00:00:00.000Z,-0.061806656420230865,-0.03999999910593033,-0.047927834037969345,0.003884968049562825,294,160,-0.04755145311355591,-0.05229540914297104,-0.04314544051885605,100
2021-07-07T00:00:00.000Z,-0.04626927897334099,-0.027888447046279907,-0.03608166782268836,0.0036252427231395464,294,160,-0.03592017665505409,-0.04100418463349342,-0.031670283526182175,100
2021-07-12T00:00:00.000Z,0.06418422609567642,0.23632323741912842,0.1370003001569812,0.03040961988215667,294,160,0.13758723437786102,0.10098302364349365,0.1720881462097168,100
2021-07-17T00:00:00.000Z,-0.04768786206841469,-0.035939235240221024,-0.04234014837933121,0.002679333691171812,294,160,-0.042335767298936844,-0.045699890702962875,-0.03889494761824608,100
2021-07-22T00:00:00.000Z,0.053710028529167175,0.8283452987670898,0.38318094889174653,0.24556054965798846,294,160,0.30956724286079407,0.1008695662021637,0.7163841724395752,99.25373134328358
2021-07-27T00:00:00.000Z,-0.009018567390739918,0.03181682899594307,0.0027463840535292827,0.008209782687370921,294,160,0,-0.005364806856960058,0.016412323340773582,100
2021-08-01T00:00:00.000Z,0.24376367032527924,0.49636098742485046,0.3410939200600581,0.060845929328952504,294,160,0.33036378026008606,0.2738436460494995,0.4414268434047699,79.85074626865672
2021-08-06T00:00:00.000Z,-0.029863480478525162,-0.015844274312257767,-0.022117244482818824,0.0028452513547987737,294,160,-0.02214650809764862,-0.02550799772143364,-0.018333332613110542,100
2021-08-11T00:00:00.000Z,-0.03271375596523285,-0.018647165969014168,-0.026243178827215496,0.002500766603767394,294,160,-0.026335040107369423,-0.02920517511665821,-0.02292371354997158,100
2021-08-16T00:00:00.000Z,-0.032721467316150665,0.0003575259179342538,-0.017216143829690698,0.0074759389180705585,294,160,-0.017695635557174683,-0.026223091408610344,-0.007037297822535038,100
2021-08-21T00:00:00.000Z,0.15608741343021393,0.8574197888374329,0.6556306235603433,0.1435875790021058,294,160,0.6805304288864136,0.46344271302223206,0.8329444527626038,0
2021-08-26T00:00:00.000Z,-0.026923077180981636,0.0075930142775177956,-0.012687161687323685,0.0076378589879960825,294,160,-0.012898330576717854,-0.02153846062719822,-0.0023255813866853714,100
2021-08-31T00:00:00.000Z,-0.029263369739055634,0.018554063513875008,-0.012925896450656522,0.011168364183124843,294,160,-0.016059957444667816,-0.025157231837511063,0.004694835748523474,100
2021-09-05T00:00:00.000Z,-0.007759958505630493,0.013785789720714092,0.0013304324768511442,0.003493289563955436,294,160,0.0010582010727375746,-0.0030895983800292015,0.005949161481112242,100
2021-09-10T00:00:00.000Z,-0.022747157141566277,-0.005319148767739534,-0.01399957975581177,0.0030789959689200524,294,160,-0.014096916653215885,-0.017218543216586113,-0.010554090142250061,100
2021-09-15T00:00:00.000Z,-0.023701002821326256,0.002912621246650815,-0.01348601476855771,0.004086669181675535,294,160,-0.013557737693190575,-0.017931034788489342,-0.008076009340584278,100
2021-09-20T00:00:00.000Z,-0.008564231917262077,0.0412517786026001,0.016062974663965626,0.011341461794061512,294,160,0.015838339924812317,0.002488800324499607,0.0329289436340332,100
2021-09-25T00:00:00.000Z,0.2733308672904968,0.5151515007019043,0.3453642579156959,0.04454811947523144,294,160,0.33870968222618103,0.2957127094268799,0.39833712577819824,11.194029850746269
2021-09-30T00:00:00.000Z,0.056590259075164795,0.13336209952831268,0.07943695655732017,0.01744267893670326,294,160,0.07430683821439743,0.062455642968416214,0.10502283275127411,100
2021-10-05T00:00:00.000Z,0.16744914650917053,0.8205511569976807,0.5887632845942659,0.14060513163065638,294,160,0.5839217901229858,0.4308755695819855,0.7847720384597778,0
2021-10-10T00:00:00.000Z,0.21749696135520935,0.658900260925293,0.4548628603789343,0.09401481297845378,294,160,0.4473118185997009,0.3520796597003937,0.5967302322387695,2.238805970149254
2021-10-15T00:00:00.000Z,0.013684210367500782,0.18014360964298248,0.04650340943750165,0.030086490756619344,294,160,0.036928486078977585,0.02090926468372345,0.09240923821926117,100
2021-10-20T00:00:00.000Z,-0.0070460704155266285,0.011406844481825829,0.001760297628647801,0.0029766630401102203,294,160,0.0016224986175075173,-0.0010940919164568186,0.0059685297310352325,100
2021-10-25T00:00:00.000Z,0.1672256886959076,0.6407832503318787,0.3524986271982764,0.11681356870810355,294,160,0.31677019596099854,0.22791191935539246,0.5317115783691406,100
2021-10-30T00:00:00.000Z,-0.006235011853277683,0.47991544008255005,0.07844778039312833,0.10126951528271051,294,160,0.04119601473212242,0.0012886597542092204,0.20772531628608704,100
2021-11-04T00:00:00.000Z,0.17049340903759003,0.883891224861145,0.6855275107186231,0.1468361584500505,294,160,0.702957808971405,0.5078533887863159,0.8693193197250366,0
2021-11-09T00:00:00.000Z,0.2386176586151123,0.894909679889679,0.6853030510802766,0.15084680279811227,294,160,0.7007174491882324,0.4787701368331909,0.8753750324249268,0
2021-11-14T00:00:00.000Z,0.3878605365753174,0.8351728916168213,0.6217998662101691,0.12578362539022725,294,160,0.6413216590881348,0.42599743604660034,0.7890967130661011,0
2021-11-19T00:00:00.000Z,0.15573769807815552,0.9055232405662537,0.715509798766962,0.15091258291360962,294,160,0.7413622736930847,0.528267502784729,0.8849104642868042,0
2021-11-24T00:00:00.000Z,0.11305361241102219,0.9001474380493164,0.7236185589277035,0.14833463105203928,294,160,0.7508935928344727,0.5583168864250183,0.8847804069519043,0
2021-11-29T00:00:00.000Z,-0.12574850022792816,0.01413427572697401,-0.051176876001061744,0.02608265705195389,294,160,-0.048052605241537094,-0.08581990748643875,-0.018410852178931236,100
2021-12-04T00:00:00.000Z,-0.0600590743124485,-0.023672884330153465,-0.03663260687087011,0.006877065190505086,294,160,-0.036226414144039154,-0.044609665870666504,-0.029666254296898842,100
2021-12-09T00:00:00.000Z,0.004364089574664831,0.3797059953212738,0.08790307346759225,0.07790119760067446,294,160,0.056263506412506104,0.02083333395421505,0.21139544248580933,100
2021-12-14T00:00:00.000Z,0.023378582671284676,0.08752327412366867,0.050944519354336304,0.017404954087004043,294,160,0.045257773250341415,0.030280090868473053,0.07569386065006256,100
2021-12-19T00:00:00.000Z,0.12236286699771881,0.9077901244163513,0.738642080061471,0.14782449416803436,294,160,0.7814661264419556,0.5561681389808655,0.8780952095985413,0
2021-12-24T00:00:00.000Z,0.33224087953567505,0.729779839515686,0.5438941392435956,0.08207913547227762,294,160,0.5257516503334045,0.45328718423843384,0.6627451181411743,0
2021-12-29T00:00:00.000Z,0.22815249860286713,0.8852424025535583,0.7247933261652487,0.13309477377104204,294,160,0.7598937749862671,0.575914740562439,0.8639175295829773,0
2022-01-03T00:00:00.000Z,0.10798409581184387,0.9124335646629333,0.7487882127735155,0.15097828691080706,294,160,0.7867067456245422,0.5549389719963074,0.9005387425422668,0
2022-01-08T00:00:00.000Z,0.1757887899875641,0.9019242525100708,0.7313323121017485,0.1453678228431202,294,160,0.7644749879837036,0.5575221180915833,0.8891241550445557,0
2022-01-13T00:00:00.000Z,0.1733582317829132,0.9063615202903748,0.7309378877059739,0.1477697265671395,294,160,0.7627321481704712,0.534424364566803,0.8957960605621338,0
2022-01-18T00:00:00.000Z,0.02972080372273922,0.03915662690997124,0.03409521245578334,0.0019222020547104066,294,160,0.03423423320055008,0.031674209982156754,0.036724865436553955,100
2022-01-23T00:00:00.000Z,0.26124075055122375,0.8126941919326782,0.6351758477403159,0.11686801959663315,294,160,0.6528832912445068,0.47972771525382996,0.7921680212020874,0
2022-01-28T00:00:00.000Z,0.2549707591533661,0.8800176382064819,0.6908279730757672,0.14310427285318483,294,160,0.7093311548233032,0.504748523235321,0.8605045676231384,0
2022-02-02T00:00:00.000Z,0.17231222987174988,0.8364779949188232,0.6297834090777299,0.14561229816535498,294,160,0.6548740267753601,0.4337274432182312,0.8130916357040405,0
2022-02-07T00:00:00.000Z,0.09852039068937302,0.7512876987457275,0.4272048204803644,0.19502482705221233,294,160,0.4266805946826935,0.1675105094909668,0.7071531414985657,50.746268656716396
2022-02-12T00:00:00.000Z,0.1304347813129425,0.7084249258041382,0.40582302646405666,0.13352105279347157,294,160,0.4140934348106384,0.19671383500099182,0.5615866184234619,42.537313432835795
2022-02-17T00:00:00.000Z,0.18104906380176544,0.8561601042747498,0.6351617113200585,0.15657016921796738,294,160,0.6517590880393982,0.4304477572441101,0.8422661423683167,0
2022-02-22T00:00:00.000Z,0.09400998055934906,0.29681527614593506,0.1769836875818559,0.052222236175147395,294,160,0.1731843501329422,0.11487918347120285,0.25072717666625977,100
2022-02-27T00:00:00.000Z,0.16618835926055908,0.8955572843551636,0.644485417364249,0.17584103731800707,294,160,0.6512616872787476,0.4001947343349457,0.8768101334571838,0
2022-03-04T00:00:00.000Z,0.2731059491634369,0.8611946702003479,0.6108412942779597,0.16163523410450442,294,160,0.5996677875518799,0.41793182492256165,0.8388704061508179,0
2022-03-09T00:00:00.000Z,0.18252544105052948,0.8435137867927551,0.5752476211359251,0.15139867453248487,294,160,0.5497113466262817,0.4033254086971283,0.7919876575469971,0
2022-03-14T00:00:00.000Z,0.09685328602790833,0.40392622351646423,0.2309552011872405,0.08362833271402587,294,160,0.236408069729805,0.11225806176662445,0.3313720226287842,91.04477611940297
2022-03-19T00:00:00.000Z,0.1907847374677658,0.8370711207389832,0.5364188193830091,0.16159357784583867,294,160,0.5109792351722717,0.33012819290161133,0.7720606923103333,0
2022-03-24T00:00:00.000Z,0.18380743265151978,0.7854966521263123,0.4760152092620508,0.12068315516143317,294,160,0.4650682210922241,0.3366672098636627,0.6672504544258118,46.26865671641791
2022-03-29T00:00:00.000Z,-0.0279720276594162,0.10284464061260223,-0.003791578935455779,0.020428915701897084,294,160,-0.008810572326183319,-0.02093718759715557,0.013599777594208717,100
2022-04-03T00:00:00.000Z,0.09981516003608704,0.805698573589325,0.5827725188278439,0.1454762860743338,294,160,0.5773913264274597,0.41314131021499634,0.7795446515083313,0
2022-04-08T00:00:00.000Z,0.08160587400197983,0.8790161609649658,0.6278519284035733,0.17499369787101207,294,160,0.6208476424217224,0.4276485741138458,0.8596564531326294,0
2022-04-13T00:00:00.000Z,0.22216913104057312,0.559969425201416,0.3936892191865551,0.08206514648230362,294,160,0.3782656490802765,0.30374330282211304,0.5357791781425476,2.985074626865673
2022-04-18T00:00:00.000Z,-0.006329114083200693,0.05150846391916275,0.005639225456719424,0.009371360913764212,294,160,0.0029832934960722923,-0.0026666666381061077,0.015234612859785557,100
2022-04-23T00:00:00.000Z,-0.041584160178899765,0.006375674158334732,-0.02560409878418822,0.010983646490536656,294,160,-0.027695350348949432,-0.03748125955462456,-0.008937438018620014,100
2022-04-28T00:00:00.000Z,-0.028207460418343544,-0.013882668688893318,-0.021427242620500612,0.003136751591249698,294,160,-0.02153000421822071,-0.025293586775660515,-0.01708633080124855,100
2022-05-03T00:00:00.000Z,-0.09938114136457443,0.10573546588420868,0.02373742749706022,0.036591841191823564,294,160,0.028165163472294807,-0.01860465109348297,0.06687500327825546,100
2022-05-08T00:00:00.000Z,0.356311559677124,0.5521196722984314,0.43438784844839756,0.05184901065210899,294,160,0.42195215821266174,0.3728106617927551,0.508348822593689,17.910447761194035
2022-05-13T00:00:00.000Z,0.1907641589641571,0.888629138469696,0.7036107603960963,0.14580411412115035,294,160,0.7281092405319214,0.5249559879302979,0.8735353350639343,0
2022-05-18T00:00:00.000Z,-0.0162790697067976,0.1070205494761467,0.015620824414367932,0.029746802848129184,294,160,0.005704506766051054,-0.009727626107633114,0.07026205956935883,100
2022-05-23T00:00:00.000Z,0.1494184285402298,0.8739367723464966,0.6901167069575678,0.1447062674251459,294,160,0.7013930678367615,0.5174210071563721,0.8605569005012512,0
2022-05-28T00:00:00.000Z,0.13760118186473846,0.8091942667961121,0.6233160255560237,0.13748428001904214,294,160,0.6322344541549683,0.4653465449810028,0.7836812138557434,0
2022-06-02T00:00:00.000Z,-0.07080766558647156,0.1990935504436493,0.04347837691581045,0.06202951649512602,294,160,0.03663366287946701,-0.038475632667541504,0.13725490868091583,100
2022-06-07T00:00:00.000Z,-0.06005788594484329,-0.0029761905316263437,-0.03157726465550653,0.010072167808768753,294,160,-0.03191080316901207,-0.04246201738715172,-0.018113207072019577,100
2022-06-12T00:00:00.000Z,-0.012121211737394333,0.010957598686218262,-0.0019650547365560687,0.005468722861620258,294,160,-0.002808988792821765,-0.008470353670418262,0.006109979469329119,100
2022-06-17T00:00:00.000Z,0.0004253509105183184,0.045404206961393356,0.01779869034818597,0.009632180207136442,294,160,0.015599342994391918,0.006814309861510992,0.031216362491250038,100
2022-06-22T00:00:00.000Z,0.12895701825618744,0.41515836119651794,0.25051664672235946,0.06457084570393685,294,160,0.24687877297401428,0.1759687215089798,0.33938100934028625,73.13432835820895
2022-06-27T00:00:00.000Z,0.038749150931835175,0.09689487516880035,0.06040367495212983,0.008906697399986948,294,160,0.059958647936582565,0.050379570573568344,0.06979958713054657,100
2022-07-02T00:00:00.000Z,0.016690241172909737,0.06296546757221222,0.0331108820443945,0.009620993633554472,294,160,0.03075103461742401,0.02389078587293625,0.04804612323641777,100
2022-07-07T00:00:00.000Z,-0.03580080717802048,-0.00331282545812428,-0.015489930973332641,0.007833053944783565,294,160,-0.01480111014097929,-0.026465028524398804,-0.005265677347779274,100
2022-07-12T00:00:00.000Z,-0.023426061496138573,-0.006998158525675535,-0.01293086743941392,0.003053007476815026,294,160,-0.012592592276632786,-0.016489556059241295,-0.009394964203238487,100
2022-07-17T00:00:00.000Z,-0.0527411513030529,-0.04091539606451988,-0.046868706844858284,0.0021725893307579015,294,160,-0.04699378088116646,-0.04955264925956726,-0.044046800583601,100
2022-07-22T00:00:00.000Z,-0.03655107691884041,-0.008329680189490318,-0.022750048279595474,0.005586494160424159,294,160,-0.023152271285653114,-0.02946593053638935,-0.015313224866986275,100
2022-07-27T00:00:00.000Z,-0.033580463379621506,-0.01673450879752636,-0.023418563320787986,0.0031608951565425146,294,160,-0.023339318111538887,-0.027591973543167114,-0.01948627084493637,100
2022-08-01T00:00:00.000Z,-0.04637681320309639,-0.024084778502583504,-0.033324319758077155,0.004646995715118832,294,160,-0.03254006803035736,-0.03934741020202637,-0.027843322604894638,100
2022-08-06T00:00:00.000Z,-0.022187622264027596,-0.009324878454208374,-0.01699488621844507,0.002333962964920957,294,160,-0.0171606857329607,-0.01983663998544216,-0.014032496139407158,100
2022-08-11T00:00:00.000Z,-0.0367346927523613,-0.023728813976049423,-0.030285749556635745,0.002251748724337861,294,160,-0.03027789294719696,-0.033068228513002396,-0.027253668755292892,100
2022-08-16T00:00:00.000Z,0.08005822449922562,0.35174286365509033,0.20825865280939573,0.0629336597519886,294,160,0.2020658552646637,0.12594079971313477,0.2898474633693695,100
2022-08-21T00:00:00.000Z,0.29336869716644287,0.7648515105247498,0.5190928084636801,0.08729460586803235,294,160,0.5123711228370667,0.4158986210823059,0.6337319016456604,0
2022-08-26T00:00:00.000Z,-0.04779411852359772,-0.03854239732027054,-0.044152509226505425,0.0017880127849807625,294,160,-0.04413893073797226,-0.046404533088207245,-0.04174099117517471,100
2022-08-31T00:00:00.000Z,-0.03623747080564499,-0.001781261176802218,-0.01943520841939347,0.006356136146559153,294,160,-0.01876302994787693,-0.027208348736166954,-0.012435991317033768,100
2022-09-05T00:00:00.000Z,0.07956600189208984,0.16546018421649933,0.10712055917551266,0.016007348633982843,294,160,0.10341766476631165,0.09294012188911438,0.12516704201698303,100
2022-09-10T00:00:00.000Z,0.06698187440633774,0.1463996171951294,0.1017425927097228,0.017716812927856165,294,160,0.09957924485206604,0.07911908626556396,0.12694667279720306,100
2022-09-15T00:00:00.000Z,-0.011243611574172974,0.05124223604798317,0.022517869282868325,0.010435071620214903,294,160,0.02355460450053215,0.008917197585105896,0.03427031263709068,100
2022-09-20T00:00:00.000Z,0.1316758692264557,0.7852349281311035,0.5590318918450554,0.1182529844100022,294,160,0.5589962601661682,0.4237288236618042,0.7153676152229309,32.83582089552239
2022-09-25T00:00:00.000Z,-0.11822660267353058,0.3204081654548645,0.05678781619927073,0.07759759896951747,294,160,0.0347517728805542,-0.005083514843136072,0.1497931033372879,100
2022-09-30T00:00:00.000Z,-0.005519317463040352,0.026096612215042114,0.01085840166396976,0.00652501879104287,294,160,0.011201629415154457,0.001899335184134543,0.01943114586174488,100
2022-10-05T00:00:00.000Z,0.16774573922157288,0.8438239693641663,0.6044736550147853,0.13708178380507788,294,160,0.6091954112052917,0.4447096288204193,0.8042029738426208,0
2022-10-10T00:00:00.000Z,0.04475366696715355,0.6793388724327087,0.23939927133606437,0.1864441971457341,294,160,0.14630748331546783,0.06782735139131546,0.5674179792404175,100
2022-10-15T00:00:00.000Z,0.2740141451358795,0.444701224565506,0.3495426142393654,0.03724067927402598,294,160,0.3462831676006317,0.3058103919029236,0.39670222997665405,91.04477611940298
2022-10-20T00:00:00.000Z,-0.006704486906528473,0.046467218548059464,0.010783572569176718,0.010584249543076305,294,160,0.007934175431728363,0.0005120327696204185,0.028183715417981148,100
2022-10-25T00:00:00.000Z,0.15778791904449463,0.861417293548584,0.6350007337420736,0.1477380644280137,294,160,0.633243978023529,0.45945945382118225,0.8264765739440918,0
2022-10-30T00:00:00.000Z,0.2102031111717224,0.6541990041732788,0.49855854595775034,0.0925311107391603,294,160,0.5038570761680603,0.39457568526268005,0.6311551928520203,0
2022-11-04T00:00:00.000Z,0.11702127754688263,0.7215511798858643,0.4467429176195344,0.14891648548345462,294,160,0.46859902143478394,0.23789474368095398,0.6462196707725525,0
2022-11-14T00:00:00.000Z,0.1338345855474472,0.2541879117488861,0.18699300889648615,0.028398393808579128,294,160,0.17908938229084015,0.1549048274755478,0.2323966920375824,100
2022-11-19T00:00:00.000Z,0.107597716152668,0.2005312144756317,0.15432272629061738,0.025227580447363257,294,160,0.15623506903648376,0.11999999731779099,0.18652161955833435,100
2022-11-24T00:00:00.000Z,0.03205381706357002,0.3193787932395935,0.13570862491406613,0.04963440654919649,294,160,0.13816368579864502,0.0833333358168602,0.17956379055976868,100
2022-11-29T00:00:00.000Z,0.17977528274059296,0.7281420826911926,0.4560317360420725,0.14584280012672504,294,160,0.4823348820209503,0.2517564296722412,0.6464188694953918,76.11940298507463
2022-12-04T00:00:00.000Z,-0.041020967066287994,-0.002971768146380782,-0.021510250037605528,0.006631667354274468,294,160,-0.021100537851452827,-0.029126213863492012,-0.01275917049497366,100
2022-12-09T00:00:00.000Z,0.346994549036026,0.5114060640335083,0.42620058935969624,0.03537713071691528,294,160,0.42263278365135193,0.3832039535045624,0.4735272228717804,20.895522388059725
2022-12-19T00:00:00.000Z,0.18988732993602753,0.8437315225601196,0.6611733526658652,0.11878696023973155,294,160,0.6711429357528687,0.5051717162132263,0.8040215373039246,0
2022-12-24T00:00:00.000Z,0.18405282497406006,0.5893155336380005,0.3454596365788088,0.10523260307134227,294,160,0.3117421269416809,0.24331927299499512,0.5240083336830139,42.5373134328358
2022-12-29T00:00:00.000Z,0.13502399623394012,0.7619631886482239,0.4986981578282454,0.12648724939495665,294,160,0.5097143054008484,0.33450087904930115,0.6574923396110535,48.507462686567166
2023-01-03T00:00:00.000Z,0.02521008439362049,0.16335877776145935,0.10186289916676818,0.03412949399339826,294,160,0.10870546102523804,0.05376344174146652,0.1470453441143036,100
2023-01-08T00:00:00.000Z,0.19711104035377502,0.9004506468772888,0.702610466017652,0.14711982983093022,294,160,0.7185320258140564,0.5088793635368347,0.8832476735115051,0
2023-01-13T00:00:00.000Z,0.17787031829357147,0.8959062099456787,0.7050338034976773,0.1434914780451097,294,160,0.7172979116439819,0.5277067422866821,0.8760402798652649,0
2023-01-18T00:00:00.000Z,0.22097378969192505,0.8840638995170593,0.6856565499928461,0.14282884321709102,294,160,0.6891442537307739,0.5087527632713318,0.8684863448143005,0
2023-01-23T00:00:00.000Z,0.09605568647384644,0.19560439884662628,0.1351604249272774,0.022643487468665013,294,160,0.13179074227809906,0.1111111119389534,0.17008374631404877,100
2023-01-28T00:00:00.000Z,0.15032312273979187,0.879114031791687,0.6636303376350833,0.15270815784499553,294,160,0.6629492044448853,0.46416759490966797,0.8564614057540894,0
2023-02-02T00:00:00.000Z,0.015351027250289917,0.11611374467611313,0.05752706687563835,0.022696136291662297,294,160,0.0554414801299572,0.030086690559983253,0.09081022441387177,100
2023-02-07T00:00:00.000Z,0.20369835197925568,0.8349425196647644,0.6295565519092687,0.14114442701553287,294,160,0.6169154047966003,0.45388686656951904,0.8162291049957275,0
2023-02-12T00:00:00.000Z,0.23925085365772247,0.8089956641197205,0.6042130977582574,0.1294666274894045,294,160,0.5912806391716003,0.4472511112689972,0.7765957713127136,0
2023-02-17T00:00:00.000Z,0.17296677827835083,0.8496000170707703,0.6096400623001272,0.14763995692347348,294,160,0.5991882085800171,0.4377182722091675,0.8042607307434082,0
2023-02-22T00:00:00.000Z,0.16022099554538727,0.8062418699264526,0.5850324687450681,0.14330281342593446,294,160,0.5708240270614624,0.419159859418869,0.7703653573989868,0
2023-02-27T00:00:00.000Z,0.006030507385730743,0.17411988973617554,0.07107691816749301,0.047296953035882695,294,160,0.0564844086766243,0.01649484597146511,0.1428571492433548,100
2023-03-04T00:00:00.000Z,0.18459069728851318,0.808327853679657,0.5786296263781946,0.1481612228148665,294,160,0.5675675868988037,0.4015987813472748,0.7820337414741516,0
2023-03-09T00:00:00.000Z,0.11761736124753952,0.764915406703949,0.5455107664995231,0.1418256387929982,294,160,0.5254237055778503,0.3847031891345978,0.7352690100669861,0
2023-03-14T00:00:00.000Z,0.012074642814695835,0.15609264373779297,0.0680542979667436,0.037630541158389146,294,160,0.069496750831604,0.022270504385232925,0.12388591468334198,100
2023-03-19T00:00:00.000Z,0.014322916977107525,0.17995290458202362,0.045282630145605386,0.027014061620520193,294,160,0.03765387460589409,0.02569105662405491,0.06790424883365631,100
2023-03-24T00:00:00.000Z,0.1973273903131485,0.8337604999542236,0.6124986777109885,0.1488803815861203,294,160,0.6099173426628113,0.4244372844696045,0.8028761744499207,21.64179104477612
2023-04-03T00:00:00.000Z,0.01736552268266678,0.4424920082092285,0.14197780380942934,0.08881650412064977,294,160,0.11717940121889114,0.053799595683813095,0.26203209161758423,100
2023-04-08T00:00:00.000Z,0.1914341300725937,0.5138461589813232,0.33192033576431557,0.07052952358572928,294,160,0.3122302293777466,0.2600633203983307,0.42296919226646423,50.74626865671645
2023-04-13T00:00:00.000Z,0.04866008460521698,0.2703101933002472,0.13085353491244026,0.05217440070789287,294,160,0.11911357194185257,0.0663302093744278,0.2097635418176651,100
2023-04-18T00:00:00.000Z,0.11773326992988586,0.20657697319984436,0.15992265956392923,0.02143949844876835,294,160,0.1588170826435089,0.1335372030735016,0.19138610363006592,100
2023-04-23T00:00:00.000Z,0.13541077077388763,0.22908426821231842,0.187008215309079,0.018722868796695564,294,160,0.18468467891216278,0.16477768123149872,0.211367666721344,100
2023-04-28T00:00:00.000Z,0.11100000143051147,0.24703937768936157,0.1705121059915914,0.029965486317428267,294,160,0.16929897665977478,0.13367347419261932,0.21295279264450073,100
2023-05-03T00:00:00.000Z,-0.035583943128585815,-0.019397441297769547,-0.026896570155869666,0.003056403445621649,294,160,-0.0267192292958498,-0.03081732988357544,-0.02336028777062893,100
2023-05-08T00:00:00.000Z,0.04843517020344734,0.23242224752902985,0.13337360475379137,0.044219300836842,294,160,0.1408585011959076,0.06807990372180939,0.18715740740299225,100
2023-05-13T00:00:00.000Z,0.10116121172904968,0.5447887182235718,0.2835046297022658,0.11318162456523947,294,160,0.27160128951072693,0.15161986649036407,0.4505882263183594,100
2023-05-18T00:00:00.000Z,0.12278630584478378,0.8759741187095642,0.5581406212008709,0.18243082435226943,294,160,0.5586432218551636,0.3296283483505249,0.8226600885391235,40.29850746268658
2023-05-23T00:00:00.000Z,0.10502737760543823,0.8820779919624329,0.7036398082081952,0.14818006286850777,294,160,0.7422969341278076,0.5116772651672363,0.867705762386322,0
2023-05-28T00:00:00.000Z,0.128164142370224,0.8817442655563354,0.7131396758912215,0.14511188744126927,294,160,0.7484117150306702,0.528891921043396,0.8704605102539062,0
2023-06-02T00:00:00.000Z,0.14883500337600708,0.25852447748184204,0.1992709693401608,0.030878654195037016,294,160,0.19770929217338562,0.16147580742835999,0.24092009663581848,100
2023-06-07T00:00:00.000Z,0.0943736582994461,0.5158238410949707,0.24511959592797863,0.10424980965249303,294,160,0.22002889215946198,0.13406594097614288,0.42476439476013184,100
2023-06-12T00:00:00.000Z,0.04299310967326164,0.08508508652448654,0.0697562305618133,0.007882835513692323,294,160,0.06907682120800018,0.06179229915142059,0.08240833878517151,100
2023-06-17T00:00:00.000Z,-0.05317460373044014,-0.03812549635767937,-0.04657154369042882,0.002702272725459085,294,160,-0.04637792333960533,-0.050133947283029556,-0.04321455582976341,100
2023-06-22T00:00:00.000Z,-0.012570437975227833,0.0008628127980045974,-0.006587625764624857,0.002469940983789277,294,160,-0.006599207874387503,-0.009691629558801651,-0.0035180298145860434,100
2023-06-27T00:00:00.000Z,-0.05319149047136307,0.044075146317481995,-0.018538387918865654,0.022004825350046366,294,160,-0.02619871497154236,-0.0381355918943882,0.01977401040494442,100
2023-07-02T00:00:00.000Z,-0.024875622242689133,-0.011030809953808784,-0.01792760668739454,0.002496874145399758,294,160,-0.01782328449189663,-0.021116139367222786,-0.014601272530853748,100
2023-07-07T00:00:00.000Z,-0.07246376574039459,-0.0580357126891613,-0.06419600610301568,0.0026231321677660166,294,160,-0.06432748585939407,-0.06714008748531342,-0.06093649938702583,100
2023-07-12T00:00:00.000Z,-0.04545454680919647,-0.005464480724185705,-0.02398041002243869,0.007885910704633197,294,160,-0.02344060316681862,-0.033781033009290695,-0.014407092705368996,100
2023-07-17T00:00:00.000Z,-0.011379153467714787,0.012645422481000423,-0.0020712849570250613,0.0048777498095971695,294,160,-0.0030241934582591057,-0.008348793722689152,0.005096839740872383,100
2023-07-22T00:00:00.000Z,-0.07848101109266281,0.01192394457757473,-0.030787751669369968,0.01483668669662133,294,160,-0.02996799536049366,-0.04887620359659195,-0.014354066923260689,100
2023-07-27T00:00:00.000Z,-0.017910446971654892,0.0139860138297081,0.0016403175489073483,0.004731737916928327,294,160,0.0019860973116010427,-0.002938295714557171,0.005917159840464592,100
2023-08-01T00:00:00.000Z,-0.02857142873108387,-0.015581302344799042,-0.023337169675462278,0.0025236070595969187,294,160,-0.02334943599998951,-0.026576755568385124,-0.020007846876978874,100
2023-08-06T00:00:00.000Z,-0.0018461538711562753,0.03805365040898323,0.014246661354155187,0.007680202116748704,294,160,0.013447782956063747,0.0049164206720888615,0.024887556210160255,100
2023-08-11T00:00:00.000Z,-0.005064045079052448,0.024309024214744568,0.0057708031307634865,0.006229122224012816,294,160,0.003919204231351614,-0.0012239902280271053,0.014649681746959686,100
2023-08-16T00:00:00.000Z,0.0036429872270673513,0.05019579827785492,0.02056257715691993,0.009538659216430701,294,160,0.018903005868196487,0.00910194218158722,0.034927092492580414,100
2023-08-21T00:00:00.000Z,0.3397260308265686,0.48220381140708923,0.4126166567873598,0.02939680026508616,294,160,0.409221887588501,0.3813597559928894,0.45672664046287537,0
2023-08-26T00:00:00.000Z,0.11499272286891937,0.8639593720436096,0.5981011377341715,0.15961260639203914,294,160,0.6048714518547058,0.3997840881347656,0.8183260560035706,0
2023-08-31T00:00:00.000Z,-0.03416856378316879,-0.004789781756699085,-0.023375166211722073,0.004769038706247569,294,160,-0.024096384644508362,-0.028705881908535957,-0.016597511246800423,100
2023-09-05T00:00:00.000Z,0.05298759788274765,0.23138654232025146,0.11590344731265036,0.04437521104039689,294,160,0.1111111119389534,0.06247633323073387,0.18323352932929993,100
2023-09-10T00:00:00.000Z,-0.024836601689457893,-0.0033305578399449587,-0.013002506535458595,0.004075382234973692,294,160,-0.013223140500485897,-0.017706576734781265,-0.007893643341958523,100
2023-09-15T00:00:00.000Z,-0.018752725794911385,0.018819503486156464,-0.002759005991027887,0.008510227253577014,294,160,-0.0034246575087308884,-0.013253526762127876,0.00806794036179781,100
2023-09-20T00:00:00.000Z,0.011725293472409248,0.6838995814323425,0.22521815249529564,0.19533518377352566,294,160,0.138644739985466,0.038869258016347885,0.5446096658706665,98.50746268656717
2023-09-25T00:00:00.000Z,0.15144230425357819,0.8948962092399597,0.6614292137213612,0.15035475208787538,294,160,0.666864275932312,0.4502924084663391,0.857758641242981,0
2023-09-30T00:00:00.000Z,-0.03406046703457832,-0.016961930319666862,-0.025723123311329234,0.003952217490829246,294,160,-0.02596883662045002,-0.031028037890791893,-0.01989150047302246,100
2023-10-05T00:00:00.000Z,-0.013550135307013988,0,-0.006128631256140225,0.0028565318764245447,294,160,-0.005802707746624947,-0.00959692895412445,-0.0023942538537085056,100
2023-10-10T00:00:00.000Z,0.17840375006198883,0.8695421814918518,0.6830686185119756,0.12273973463772125,294,160,0.6906455755233765,0.5592755079269409,0.8364924192428589,0
2023-10-15T00:00:00.000Z,0.2732394337654114,0.7116843461990356,0.5048266084336526,0.11648269398840858,294,160,0.5250464081764221,0.34948742389678955,0.640190064907074,5.223880597014925
2023-10-20T00:00:00.000Z,0.12790946662425995,0.8287989497184753,0.5202817345288262,0.15182787178042562,294,160,0.5477522015571594,0.28048962354660034,0.6918376088142395,37.31343283582088
2023-10-25T00:00:00.000Z,0.08549874275922775,0.17595307528972626,0.12690699934514604,0.025274677068628917,294,160,0.12354520708322525,0.09298393875360489,0.16138191521167755,100
2023-10-30T00:00:00.000Z,0.06012658402323723,0.2854933440685272,0.12994941096030066,0.04791354737859414,294,160,0.13521695137023926,0.06952303647994995,0.17419354617595673,100
2023-11-04T00:00:00.000Z,0.35304054617881775,0.9915814995765686,0.7240320604238935,0.15295531165623377,294,160,0.7352043986320496,0.5122923851013184,0.9393270611763,0
2023-11-09T00:00:00.000Z,0.10395314544439316,0.6289592981338501,0.21994627789774926,0.10844424645328725,294,160,0.17711442708969116,0.13513512909412384,0.3736218810081482,78.35820895522392
2023-11-14T00:00:00.000Z,0.09754706174135208,0.9399759769439697,0.7323425612898906,0.15198690396333822,294,160,0.7491418123245239,0.5440414547920227,0.9082568883895874,0
2023-11-19T00:00:00.000Z,0.07120980322360992,0.10974106192588806,0.08773364994063303,0.007568712661671095,294,160,0.08743169158697128,0.07792706042528152,0.09811773896217346,100
2023-11-24T00:00:00.000Z,0.008025682531297207,0.01621621660888195,0.012252037232713911,0.001852670690651574,294,160,0.012266666628420353,0.009761388413608074,0.015053763054311275,100
2023-11-29T00:00:00.000Z,0.21132075786590576,0.8977412581443787,0.717662636246254,0.1388590212534301,294,160,0.7362569570541382,0.5422267913818359,0.878241240978241,0
2023-12-04T00:00:00.000Z,0.11267193406820297,0.8939929604530334,0.6911200653594819,0.14905224763477606,294,160,0.7168852090835571,0.5007839202880859,0.866635799407959,0
2023-12-09T00:00:00.000Z,0.17942284047603607,0.8947368264198303,0.6893879202986832,0.14430314231588812,294,160,0.709068775177002,0.5165905356407166,0.8711048364639282,0
2023-12-14T00:00:00.000Z,0.273554265499115,0.758844792842865,0.42774906376404553,0.10344145750893861,294,160,0.3992820084095001,0.33610302209854126,0.5738396644592285,40.29850746268659
2023-12-19T00:00:00.000Z,0.2222222238779068,0.8873728513717651,0.6899813497022016,0.12698758427200535,294,160,0.7022671103477478,0.5300101637840271,0.8563773036003113,0
2023-12-24T00:00:00.000Z,0.23943662643432617,0.9008073806762695,0.5019320520892072,0.1759799247067226,294,160,0.4379146993160248,0.3178500235080719,0.7801608443260193,0
2023-12-29T00:00:00.000Z,0.16674913465976715,0.8929054737091064,0.688160269451675,0.13720752857201443,294,160,0.7023153305053711,0.5333333611488342,0.8565601706504822,0
2024-01-03T00:00:00.000Z,0.18064042925834656,0.7221095561981201,0.4978365682399094,0.12931884041407085,294,160,0.502368688583374,0.32416069507598877,0.6742746829986572,54.47761194029852
2024-01-08T00:00:00.000Z,0.2256917953491211,0.805737316608429,0.5149191482298411,0.18067663979019327,294,160,0.5400696992874146,0.2609875202178955,0.7649667263031006,0
2024-01-13T00:00:00.000Z,0.007518797181546688,0.04229460284113884,0.020657438270525255,0.007390924965608927,294,160,0.019374068826436996,0.012195121496915817,0.03291139379143715,100
2024-01-18T00:00:00.000Z,-0.03632320091128349,-0.013975155539810658,-0.023993117505434296,0.005415640983156341,294,160,-0.02370370365679264,-0.031402651220560074,-0.017712177708745003,100
2024-01-23T00:00:00.000Z,0.17850953340530396,0.8882088661193848,0.6934751741476912,0.1432936551582281,294,160,0.7107101082801819,0.5080416202545166,0.8668816089630127,0
2024-01-28T00:00:00.000Z,0.19477693736553192,0.8662739396095276,0.6037016881268416,0.12961904561365659,294,160,0.5801027417182922,0.4636164605617523,0.7933923006057739,0
2024-02-02T00:00:00.000Z,0.13345813751220703,0.9063544869422913,0.682830920859949,0.1607749738960761,294,160,0.6888633966445923,0.4882786273956299,0.8771253824234009,0
2024-02-07T00:00:00.000Z,0.06366559118032455,0.829978346824646,0.31036725940544196,0.22619563975039658,294,160,0.22816643118858337,0.07027532905340195,0.6333598494529724,34.32835820895524
2024-02-12T00:00:00.000Z,0.17305698990821838,0.881322979927063,0.5790965649396623,0.1793569916181741,294,160,0.6143589615821838,0.30795180797576904,0.8038496971130371,0
2024-02-17T00:00:00.000Z,0.15685130655765533,0.883058488368988,0.6632727645893594,0.1532460419657614,294,160,0.6742883920669556,0.47667086124420166,0.8557993769645691,0
2024-02-22T00:00:00.000Z,0.09566326439380646,0.8674252033233643,0.6370407371823467,0.14842474508499284,294,160,0.649344801902771,0.4580281674861908,0.8235629200935364,0
2024-02-27T00:00:00.000Z,0.04474431648850441,0.21702127158641815,0.10586187148939315,0.03880188839555999,294,160,0.10038119554519653,0.062233589589595795,0.16480687260627747,100
2024-03-03T00:00:00.000Z,0.15874524414539337,0.8166499733924866,0.578730915130964,0.12016557702255529,294,160,0.5933701395988464,0.4435437321662903,0.7006802558898926,0
2024-03-08T00:00:00.000Z,0.06764466315507889,0.8829842209815979,0.6469386167157052,0.16708284078022975,294,160,0.6519823670387268,0.45771142840385437,0.8588709831237793,1.4925373134328366
2024-03-13T00:00:00.000Z,0.12362637370824814,0.8977987170219421,0.6516081456706594,0.16647782052296536,294,160,0.6573589444160461,0.44337281584739685,0.8682948350906372,0
2024-03-18T00:00:00.000Z,0.09684210270643234,0.4693877696990967,0.2215334916515136,0.10265741468994283,294,160,0.18038633465766907,0.11065292358398438,0.3848666250705719,100
2024-03-23T00:00:00.000Z,0.18803183734416962,0.6601226925849915,0.3766573204923031,0.10811299734856589,294,160,0.38686132431030273,0.22080767154693604,0.5272950530052185,1.4925373134328366
2024-03-28T00:00:00.000Z,-0.014010507613420486,0.030203185975551605,0.005317384094336947,0.009356498364730079,294,160,0.006100942846387625,-0.007322175893932581,0.01753409393131733,100
2024-04-02T00:00:00.000Z,0.1859005242586136,0.6606060862541199,0.4549591719214596,0.1027772834626013,294,160,0.4388120770454407,0.3295052945613861,0.5980210304260254,31.343283582089533
2024-04-07T00:00:00.000Z,0.08637236058712006,0.8824179768562317,0.6619065159292363,0.1593474254180605,294,160,0.6660528182983398,0.4793412387371063,0.8548195362091064,0
2024-04-12T00:00:00.000Z,0.2327336072921753,0.7465465664863586,0.4585470494939321,0.12411741410070438,294,160,0.44171392917633057,0.28605523705482483,0.6120150089263916,55.97014925373133
2024-04-17T00:00:00.000Z,0.11918718367815018,0.9015706777572632,0.6776368509588847,0.16691399956551295,294,160,0.709747314453125,0.47768086194992065,0.8797113299369812,32.089552238805965
2024-04-22T00:00:00.000Z,0.2726385295391083,0.9104106426239014,0.6888971208636441,0.14801002531437565,294,160,0.7056217789649963,0.5116598010063171,0.8911187052726746,0
2024-04-27T00:00:00.000Z,0.3635198771953583,0.616763174533844,0.49226497269388453,0.05453849593987175,294,160,0.4856812357902527,0.4248608648777008,0.564361572265625,0
2024-05-02T00:00:00.000Z,0.31510254740715027,0.576497495174408,0.39473206138432915,0.06182922924281113,294,160,0.3742574155330658,0.33793535828590393,0.4956521689891815,51.49253731343288
2024-05-07T00:00:00.000Z,-0.037477146834135056,-0.009118541143834591,-0.02508738661991127,0.0052257492477221935,294,160,-0.025242717936635017,-0.031191281974315643,-0.018059639260172844,100
2024-05-12T00:00:00.000Z,0.10988505929708481,0.9138261079788208,0.7072020854189323,0.16306027768018969,294,160,0.7410870790481567,0.5126404762268066,0.8991013169288635,0
2024-05-17T00:00:00.000Z,0.08947575837373734,0.8892942070960999,0.6868540878727365,0.15686841413324545,294,160,0.7177111506462097,0.5079416632652283,0.8721596002578735,1.4925373134328366
2024-05-22T00:00:00.000Z,-0.0038262982852756977,0.39733707904815674,0.11108862501986098,0.09732071430935127,294,160,0.07143497467041016,0.013058600015938282,0.2584933638572693,100
2024-05-27T00:00:00.000Z,0.28976157307624817,0.8607555627822876,0.5578742147381626,0.17090720976833879,294,160,0.5190138816833496,0.3528159558773041,0.8305597305297852,10.447761194029852
2024-06-01T00:00:00.000Z,0.16852103173732758,0.8745294809341431,0.6713239686257805,0.1482226865845825,294,160,0.6838509440422058,0.4913225471973419,0.8555334806442261,0
2024-06-06T00:00:00.000Z,0.1015503853559494,0.36611488461494446,0.17142971310375338,0.05511779643258673,294,160,0.15794669091701508,0.11143694818019867,0.2488769143819809,100
2024-06-11T00:00:00.000Z,0.08211473375558853,0.48427674174308777,0.16703892916218546,0.07405134565756624,294,160,0.15178677439689636,0.10538827627897263,0.2511441707611084,100
2024-06-16T00:00:00.000Z,0.1187349259853363,0.8746216893196106,0.6558817041231626,0.15225426594408323,294,160,0.6694079041481018,0.4861209988594055,0.857641339302063,0
2024-06-21T00:00:00.000Z,0.07768052816390991,0.9034941792488098,0.6424548809430491,0.17886902460666956,294,160,0.649142861366272,0.407530277967453,0.8861386179924011,28.35820895522389
2024-06-26T00:00:00.000Z,0.15468153357505798,0.8695417642593384,0.6395147498419039,0.14681177714509294,294,160,0.6385451555252075,0.4772323966026306,0.8365925550460815,0
2024-07-01T00:00:00.000Z,0.14362236857414246,0.6105948090553284,0.3927865872409808,0.13073873321069082,294,160,0.4084506928920746,0.19946631789207458,0.5668979287147522,47.76119402985071
2024-07-06T00:00:00.000Z,-0.012693935073912144,-0.0004819277091883123,-0.0060468017094970124,0.002276558499518636,294,160,-0.006181645207107067,-0.008727606385946274,-0.0032725571654736996,100
2024-07-11T00:00:00.000Z,0.011174812912940979,0.10497237741947174,0.05167757186677253,0.017933134104694767,294,160,0.04844607040286064,0.03320550173521042,0.07328604906797409,100
2024-07-16T00:00:00.000Z,-0.05327368900179863,-0.037806399166584015,-0.04549972090258525,0.0026604744398369654,294,160,-0.04573047533631325,-0.04843304678797722,-0.04200988635420799,100
2024-07-21T00:00:00.000Z,-0.011363636702299118,0.04301484674215317,0.012992639298752344,0.010559386931388411,294,160,0.011265738867223263,0.0018371095648035407,0.0290108360350132,100
2024-07-26T00:00:00.000Z,-0.08472222089767456,-0.07285665720701218,-0.07796709017077492,0.002439201147386537,294,160,-0.07775524258613586,-0.08094906061887741,-0.07483914494514465,100
2024-07-31T00:00:00.000Z,-0.02253645658493042,0.0004361098981462419,-0.008433069337468678,0.0036488711004445413,294,160,-0.008688096888363361,-0.012702584266662598,-0.004026845563203096,100
2024-08-05T00:00:00.000Z,-0.021395348012447357,-0.006517691072076559,-0.012953692796959806,0.0027096772480175143,294,160,-0.012729844078421593,-0.016468435525894165,-0.009416195563971996,100
2024-08-10T00:00:00.000Z,0.060898780822753906,0.1296205073595047,0.08502456348444988,0.016664146596994257,294,160,0.08035338670015335,0.06771263480186462,0.11142322421073914,100
2024-08-15T00:00:00.000Z,-0.03482142835855484,-0.015241321176290512,-0.024753128428623754,0.003346504726864468,294,160,-0.024728849530220032,-0.029249681159853935,-0.020390454679727554,100
2024-08-20T00:00:00.000Z,-0.054064273834228516,-0.027208348736166954,-0.04096190171288463,0.004546346799333846,294,160,-0.04097452759742737,-0.046520281583070755,-0.035606060177087784,100
2024-08-25T00:00:00.000Z,-0.029554476961493492,-0.014454664662480354,-0.02309317621332941,0.00272319892148956,294,160,-0.0231744647026062,-0.026362039148807526,-0.02017543837428093,100
2024-08-30T00:00:00.000Z,0.0072916666977107525,0.08234257996082306,0.023219297886756602,0.011413766487749066,294,160,0.021793276071548462,0.011673151515424252,0.03619503602385521,100
2024-09-04T00:00:00.000Z,-0.045815978199243546,-0.027006465941667557,-0.03857215315993152,0.0036600881210737853,294,160,-0.038876891136169434,-0.04273504391312599,-0.03326810151338577,100
2024-09-09T00:00:00.000Z,0.1579943299293518,0.8779004216194153,0.6425392644396469,0.15027924218843144,294,160,0.6441484093666077,0.46867167949676514,0.8570330739021301,0
2024-09-14T00:00:00.000Z,0.12978243827819824,0.8697084784507751,0.6284720378357975,0.15200711402620226,294,160,0.6302046775817871,0.4582054018974304,0.83442622423172,0
2024-09-19T00:00:00.000Z,0.28071150183677673,0.8384696841239929,0.6023831752254003,0.13986708079390434,294,160,0.6044852137565613,0.4346087872982025,0.804578423500061,0
2024-09-24T00:00:00.000Z,-0.05747922509908676,0.07454289495944977,0.009144735216326425,0.024584929663290074,294,160,0.008259754627943039,-0.018757816404104233,0.040296923369169235,100
2024-09-29T00:00:00.000Z,0.15199626982212067,0.8183486461639404,0.5681399036921677,0.1494636414469653,294,160,0.5545142292976379,0.41046831011772156,0.791601836681366,0
2024-09-29T00:00:00.000Z,0.15199626982212067,0.8183486461639404,0.5681399036921677,0.1494636414469653,294,160,0.5545142292976379,0.41046831011772156,0.791601836681366,0
2024-10-04T00:00:00.000Z,0.16521738469600677,0.8715522289276123,0.6326386621638913,0.15672236308121712,294,160,0.6458907723426819,0.4391944110393524,0.8493950963020325,0
2024-10-09T00:00:00.000Z,0.10000000149011612,0.8880612254142761,0.6276446275635438,0.1617862106682178,294,160,0.625589907169342,0.4343987703323364,0.8481414318084717,0
2024-10-14T00:00:00.000Z,0.14772158861160278,0.8797814249992371,0.6350720210084276,0.15696969529241245,294,160,0.6315136551856995,0.4566929042339325,0.8453114032745361,0
2024-10-19T00:00:00.000Z,0.0030959751456975937,0.0319310687482357,0.016999223085342723,0.005564956061491038,294,160,0.017258882522583008,0.010309278033673763,0.024289404973387718,100
2024-10-24T00:00:00.000Z,0.1963377445936203,0.8494117856025696,0.629999857229083,0.13094686772264125,294,160,0.6348609924316406,0.48511046171188354,0.7984334230422974,0
2024-10-29T00:00:00.000Z,0.14687499403953552,0.9069014191627502,0.659392122234871,0.14679484292524572,294,160,0.6632591485977173,0.4810810685157776,0.8629363179206848,0.7462686567164183
2024-11-03T00:00:00.000Z,0.19385141134262085,0.861018180847168,0.5519540405540324,0.17187244059972367,294,160,0.5801838636398315,0.30434781312942505,0.7764986157417297,16.417910447761212
2024-11-08T00:00:00.000Z,-0.07150595635175705,0.6990941166877747,0.20304523549099548,0.15932938853766157,294,160,0.16057123243808746,0.06675265729427338,0.4566882848739624,100
2024-11-13T00:00:00.000Z,0.08643042296171188,0.18710918724536896,0.12729826558436927,0.027137277285196472,294,160,0.12955854833126068,0.09348692744970322,0.17175763845443726,100
2024-11-18T00:00:00.000Z,0.043207474052906036,0.36886993050575256,0.1956137669509027,0.08416619870752644,294,160,0.19870378077030182,0.08200185000896454,0.30921703577041626,100
2024-11-23T00:00:00.000Z,0.02635757438838482,0.8326546549797058,0.43569975959331686,0.22984466607622103,294,160,0.4514480531215668,0.05613338574767113,0.7319999933242798,85.82089552238808
2024-11-28T00:00:00.000Z,-0.01671861670911312,0.0783269926905632,0.021753210937969187,0.021264827036296754,294,160,0.01664532721042633,0.0008583691087551415,0.05296950414776802,100
2024-12-08T00:00:00.000Z,0.1537817418575287,0.9107704162597656,0.6994399686357867,0.15316624459404563,294,160,0.7170900702476501,0.5246694684028625,0.8802106380462646,0
2024-12-13T00:00:00.000Z,0.3898184299468994,0.81981360912323,0.5934567084508153,0.10279491177602874,294,160,0.5833624601364136,0.4850558042526245,0.7633488178253174,10.447761194029857
2024-12-18T00:00:00.000Z,0.15616728365421295,0.8721218109130859,0.6688212496576025,0.14643100377554089,294,160,0.6866279244422913,0.4725727438926697,0.8391015529632568,0
2024-12-23T00:00:00.000Z,0.13308784365653992,0.9017350673675537,0.7091438021900051,0.14767253370395428,294,160,0.7252559661865234,0.5336219072341919,0.8783134818077087,0
2024-12-28T00:00:00.000Z,0.227161705493927,0.8839430809020996,0.6903353022105658,0.1362696212962205,294,160,0.7097415328025818,0.5372849106788635,0.859768807888031,0
2025-01-02T00:00:00.000Z,0.11460446566343307,0.90962153673172,0.7089612542359686,0.15054071566756333,294,160,0.7280192971229553,0.531596302986145,0.8807547092437744,0
2025-01-07T00:00:00.000Z,0.2018243968486786,0.8996245861053467,0.6983431941315308,0.14475346266498348,294,160,0.7117824554443359,0.5142389535903931,0.8741545677185059,0
2025-01-12T00:00:00.000Z,0.16903343796730042,0.911587119102478,0.6975990628351029,0.1497536407685612,294,160,0.7152447700500488,0.5202174782752991,0.8733171224594116,0
2025-01-17T00:00:00.000Z,0.11973497271537781,0.8949806690216064,0.6775088919632472,0.15434774038957502,294,160,0.695716381072998,0.48794063925743103,0.868852436542511,0
2025-01-22T00:00:00.000Z,0.13742531836032867,0.9157245755195618,0.6922417419837482,0.16298353529609766,294,160,0.7115699648857117,0.48339974880218506,0.8896020650863647,0
2025-01-27T00:00:00.000Z,0.1449451893568039,0.8579654693603516,0.6293542928882502,0.14263274933349457,294,160,0.6370400786399841,0.4773815870285034,0.8162084221839905,0
2025-02-01T00:00:00.000Z,0.12350182235240936,0.896284818649292,0.6796416443452904,0.1527775683865634,294,160,0.6967418789863586,0.4917925000190735,0.8646976947784424,0
2025-02-06T00:00:00.000Z,0.19872087240219116,0.8376650810241699,0.6519416101388078,0.13276027414460906,294,160,0.6705882549285889,0.49712973833084106,0.8100836277008057,0
2025-02-11T00:00:00.000Z,0.11165404319763184,0.9079563021659851,0.683592922207135,0.15676366110653628,294,160,0.6965144276618958,0.5016098022460938,0.8765008449554443,0
2025-02-16T00:00:00.000Z,0.2607826292514801,0.8709295392036438,0.6333503947773976,0.13212114311371506,294,160,0.6288288235664368,0.49602121114730835,0.8298591375350952,0
2025-02-21T00:00:00.000Z,0.11165764927864075,0.9052753448486328,0.6734672273272901,0.16214766145952764,294,160,0.6855823993682861,0.4845488369464874,0.8817309737205505,0
2025-02-26T00:00:00.000Z,0.14341846108436584,0.8768060803413391,0.6424149358228074,0.15618736321049784,294,160,0.643410861492157,0.45508626103401184,0.8483099937438965,0
2025-03-03T00:00:00.000Z,0.18822479248046875,0.8407513499259949,0.6049408654668439,0.14609347821732535,294,160,0.5891276597976685,0.44925814867019653,0.818065345287323,0
2025-03-08T00:00:00.000Z,0.16371367871761322,0.7867954969406128,0.47157616724274054,0.18334819648025072,294,160,0.45619335770606995,0.20975114405155182,0.747606635093689,57.46268656716418
2025-03-13T00:00:00.000Z,0.20356853306293488,0.7229042649269104,0.512207087184956,0.11082436454353357,294,160,0.4891640841960907,0.3985374867916107,0.6899762749671936,7.462686567164177
2025-03-18T00:00:00.000Z,-0.014979572966694832,0.4134860038757324,0.1184185030283719,0.10508241450570585,294,160,0.09805335104465485,-0.0032482598908245564,0.29661503434181213,100
2025-03-20T00:00:00.000Z,-0.0012738853693008423,0.00797314289957285,0.0026671469106022676,0.001835176208608371,294,160,0.00252312864176929,0.0008396305493079126,0.00501253129914403,100
2025-03-23T00:00:00.000Z,-0.02125919796526432,0.20115867257118225,0.05444944979285877,0.042434882309712416,294,160,0.04237867519259453,0.015225335024297237,0.11780527234077454,100
2025-03-28T00:00:00.000Z,0.14452554285526276,0.17050690948963165,0.1561483899826434,0.006456901434872367,294,160,0.15531978011131287,0.1485496610403061,0.16743649542331696,100
2025-03-30T00:00:00.000Z,0.13850615918636322,0.8644859790802002,0.6327951562716002,0.15417798258491172,294,160,0.6254367828369141,0.4676923155784607,0.8424049019813538,0
2025-04-02T00:00:00.000Z,0.15423084795475006,0.7974765300750732,0.5983937587311019,0.1299301003969812,294,160,0.590796709060669,0.4583137035369873,0.7693226337432861,0
2025-04-07T00:00:00.000Z,-0.023770758882164955,0.3278404176235199,0.05854269464782818,0.07529051322950851,294,160,0.03795124962925911,-0.011618481948971748,0.1552795022726059,100
2025-04-09T00:00:00.000Z,0.1714499592781067,0.8978433609008789,0.6779336782533727,0.1481324718752976,294,160,0.6801599264144897,0.5271422266960144,0.8744959831237793,0
2025-04-12T00:00:00.000Z,0.033218786120414734,0.10470779240131378,0.06981822167203497,0.0158197222203244,294,160,0.0664505660533905,0.05416012555360794,0.09450171887874603,100
2025-04-17T00:00:00.000Z,0.1539992094039917,0.8850248456001282,0.6859188838236364,0.1485645642575919,294,160,0.7097097039222717,0.5224769115447998,0.8588104248046875,0
2025-04-19T00:00:00.000Z,0.07502958923578262,0.8938632607460022,0.6809269320497761,0.15521314270073747,294,160,0.693598210811615,0.512459933757782,0.8672376871109009,0
2025-04-22T00:00:00.000Z,-0.04807275906205177,-0.006827492266893387,-0.02922875346588109,0.007255551632019751,294,160,-0.02942468225955963,-0.0379633754491806,-0.020858895033597946,100
2025-04-27T00:00:00.000Z,0.1364789456129074,0.9178605675697327,0.7278696855724747,0.14801410767007336,294,160,0.7593283653259277,0.550561785697937,0.8964968323707581,0
2025-04-29T00:00:00.000Z,0.1254304051399231,0.8127233982086182,0.5070835492059365,0.17080915284672676,294,160,0.5407407283782959,0.25146642327308655,0.7077881693840027,56.71641791044774
2025-05-02T00:00:00.000Z,0.015639962628483772,0.14553190767765045,0.06753484401573887,0.03425906959123197,294,160,0.05942121148109436,0.03131749480962753,0.125,100
2025-05-07T00:00:00.000Z,-0.017982421442866325,0.20493218302726746,0.05941874797216185,0.056092731331029703,294,160,0.042222220450639725,-0.0010638297535479069,0.15688470005989075,100
2025-05-09T00:00:00.000Z,0.16004078090190887,0.910080075263977,0.7255133017897604,0.1489078973890504,294,160,0.7665480375289917,0.5487256646156311,0.885864794254303,0
2025-05-12T00:00:00.000Z,0.09587772190570831,0.7254902124404907,0.33510378497972415,0.16555134791175022,294,160,0.3013513386249542,0.1601819097995758,0.5801447629928589,82.83582089552236
2025-05-17T00:00:00.000Z,0.16415093839168549,0.9054054021835327,0.7288342427406738,0.14525895652656456,294,160,0.770172655582428,0.5559932589530945,0.8845846652984619,0
2025-05-19T00:00:00.000Z,-0.023615635931491852,0.06220250204205513,0.02149872068336812,0.018699817123571463,294,160,0.021978022530674934,0.00006749004387529567,0.046608272939920425,100
2025-05-22T00:00:00.000Z,0.20440252125263214,0.8827956914901733,0.7061999746000588,0.13850769269380567,294,160,0.7366288304328918,0.5478881597518921,0.8618007898330688,0
2025-05-27T00:00:00.000Z,-0.04351727291941643,-0.004480286967009306,-0.026849376416501047,0.008090744411751836,294,160,-0.026747195050120354,-0.03620689734816551,-0.014692378230392933,100
2025-05-29T00:00:00.000Z,-0.04332106560468674,0.027742749080061913,-0.024806645591117775,0.012402841605088739,294,160,-0.0263901986181736,-0.03638544678688049,-0.009264305233955383,100
2025-06-01T00:00:00.000Z,0.1521008461713791,0.883624792098999,0.7054411796713942,0.14656463069457698,294,160,0.7525206208229065,0.5185350775718689,0.8647887110710144,26.119402985074625
2025-06-06T00:00:00.000Z,0.14614121615886688,0.8915501236915588,0.7127445948435301,0.1429942873748262,294,160,0.7409133315086365,0.5454857349395752,0.8770841360092163,0
2025-06-08T00:00:00.000Z,0.14805194735527039,0.8999480605125427,0.7124379435137135,0.15041470039855623,294,160,0.7476125359535217,0.5175043344497681,0.8770621418952942,0
2025-06-11T00:00:00.000Z,-0.07524454593658447,0.008543114177882671,-0.03161816543607569,0.01666247327597108,294,160,-0.03234868124127388,-0.05349794402718544,-0.011183956637978554,100
2025-06-16T00:00:00.000Z,-0.10469798743724823,-0.03562005236744881,-0.05756414247982538,0.011947083849871214,294,160,-0.055608514696359634,-0.06983938068151474,-0.04559478908777237,100
2025-06-18T00:00:00.000Z,0.0031986043322831392,0.12378640472888947,0.039025969704293374,0.02833916667539897,294,160,0.030374521389603615,0.013447432778775692,0.09105119109153748,100
2025-06-21T00:00:00.000Z,0.17863105237483978,0.7142857313156128,0.4381167402685578,0.14155594503673505,294,160,0.41860464215278625,0.2670999765396118,0.6740164160728455,80.59701492537314
2025-06-26T00:00:00.000Z,-0.053698837757110596,-0.040475305169820786,-0.04610074898089046,0.0025493237580765347,294,160,-0.04591265320777893,-0.0491437092423439,-0.0431164912879467,100
2025-06-28T00:00:00.000Z,-0.023779723793268204,-0.015487651340663433,-0.019733016323576213,0.001950962730599704,294,160,-0.019756199792027473,-0.022074135020375252,-0.017033651471138,100
2025-07-01T00:00:00.000Z,-0.053063616156578064,0.002870263997465372,-0.026761844246856747,0.00958035222347899,294,160,-0.02770618535578251,-0.037491921335458755,-0.013605441898107529,100
2025-07-06T00:00:00.000Z,-0.03244119882583618,-0.01083902083337307,-0.0203816871256081,0.003660466592696286,294,160,-0.020064204931259155,-0.024448897689580917,-0.015785319730639458,100
2025-07-08T00:00:00.000Z,-0.058506544679403305,-0.04648568108677864,-0.0533376789804715,0.0022053471212406302,294,160,-0.0536472387611866,-0.05559845641255379,-0.050381679087877274,100
2025-07-11T00:00:00.000Z,0.14943820238113403,0.21946625411510468,0.18334933348111254,0.018729882997113895,294,160,0.18273964524269104,0.15897436439990997,0.20947401225566864,100
2025-07-16T00:00:00.000Z,-0.037832312285900116,0.007565144449472427,-0.016577566736690526,0.008269460337093448,294,160,-0.0171543899923563,-0.025830257683992386,-0.005730659235268831,100
2025-07-18T00:00:00.000Z,-0.03430749848484993,-0.013179571367800236,-0.021251985163831005,0.0035117167092586343,294,160,-0.020885547623038292,-0.025773195549845695,-0.01724863238632679,100
2025-07-21T00:00:00.000Z,-0.019214702770113945,0.004161712247878313,-0.008983531628853517,0.004418734110344291,294,160,-0.009268795140087605,-0.013963480480015278,-0.003144653979688883,100
2025-07-26T00:00:00.000Z,0.2569974660873413,0.6997347474098206,0.4320463220130152,0.09258654106622768,294,160,0.41832229495048523,0.3141082525253296,0.5564314126968384,50.746268656716396
2025-07-28T00:00:00.000Z,-0.055516015738248825,-0.03491619974374771,-0.043176995590329184,0.003963730546509295,294,160,-0.04268515110015869,-0.04854368790984154,-0.037892457097768784,100
2025-07-31T00:00:00.000Z,-0.019434629008173943,0.15714286267757416,0.04135497017140645,0.038044402473519,294,160,0.03167519345879555,-0.0008375209290534258,0.09737827628850937,100
2025-08-05T00:00:00.000Z,-0.060919132083654404,-0.05236728861927986,-0.05619421937683623,0.001712127639542025,294,160,-0.05614783242344856,-0.058362990617752075,-0.05402504652738571,100
2025-08-07T00:00:00.000Z,-0.031266018748283386,-0.016204914078116417,-0.023232536348722767,0.002829270222593063,294,160,-0.023303987458348274,-0.02654867246747017,-0.01981230452656746,100
2025-08-10T00:00:00.000Z,-0.0034602077212184668,0.03780313953757286,0.007395891286563059,0.0071283333558118025,294,160,0.0065645514987409115,0.0009290801826864481,0.014140085317194462,100
2025-08-15T00:00:00.000Z,-0.048494983464479446,-0.019022753462195396,-0.035787882088725256,0.006325968087865386,294,160,-0.03651903569698334,-0.042241379618644714,-0.02672186680138111,100
2025-08-17T00:00:00.000Z,-0.0365418903529644,0.0341280959546566,-0.0025543516170348176,0.0125175484303414,294,160,-0.004111466463655233,-0.016651248559355736,0.01480750273913145,100
2025-08-20T00:00:00.000Z,0.0025869503151625395,0.027167629450559616,0.015912040336571863,0.004424026625435004,294,160,0.016412323340773582,0.010020039975643158,0.021177835762500763,100
2025-08-25T00:00:00.000Z,-0.04103165119886398,0.007232584524899721,-0.010699970990205669,0.009522540762788632,294,160,-0.008669430390000343,-0.02312925085425377,0,100
2025-08-27T00:00:00.000Z,0.08213312923908234,0.7777777910232544,0.28361144083649364,0.18795035208234834,294,160,0.22370462119579315,0.09950248897075653,0.6226880550384521,100
2025-08-30T00:00:00.000Z,0.03338256850838661,0.07440666854381561,0.05350862668632571,0.008784972089282929,294,160,0.053913041949272156,0.040170419961214066,0.06370271742343903,100
2025-09-04T00:00:00.000Z,-0.05945121869444847,-0.030830038711428642,-0.04223918860583609,0.005716349754240684,294,160,-0.04196357727050781,-0.04908424988389015,-0.03475513309240341,100
2025-09-06T00:00:00.000Z,0.15205109119415283,0.8273599147796631,0.5901530060305523,0.13359720543260953,294,160,0.5983100533485413,0.43942132592201233,0.7732697129249573,0
2025-09-09T00:00:00.000Z,0.02204553596675396,0.7346465587615967,0.37368997426898176,0.20983991810250754,294,160,0.4112149477005005,0.11330049484968185,0.635123610496521,100
2025-09-14T00:00:00.000Z,0.11497938632965088,0.8413181304931641,0.5949142211631163,0.14225391168497117,294,160,0.6125230193138123,0.42269325256347656,0.7700368165969849,0
2025-09-16T00:00:00.000Z,0.1596463918685913,0.8338887691497803,0.5929315657313188,0.14221454100122935,294,160,0.607062578201294,0.4282253086566925,0.7792907953262329,0
2025-09-19T00:00:00.000Z,0.15166066586971283,0.8307634592056274,0.5858085630322567,0.133420297555422,294,160,0.5881856679916382,0.45036160945892334,0.7641549706459045,32.83582089552241
2025-09-24T00:00:00.000Z,0.13525906205177307,0.8399999737739563,0.5607558624513113,0.13821130204387186,294,160,0.5633280277252197,0.4020857512950897,0.7102040648460388,0
2025-09-26T00:00:00.000Z,0.1111111119389534,0.6080038547515869,0.40520948310618965,0.0819680192869697,294,160,0.4000000059604645,0.3338679373264313,0.5,0
2025-09-29T00:00:00.000Z,0.13791534304618835,0.8385899662971497,0.5912553377783116,0.13911326725693182,294,160,0.5985060930252075,0.4266875982284546,0.7812963724136353,0